Jewelry,Salary,Real_Estate,Stock,Previous_Spend
507.7519792,82.64616281,1614.974912,225.9944795,404.6436759
518.0409157,273.1696989,3744.308417,284.6134064,417.0551718
510.0005422,109.8209291,2116.693221,182.4574581,412.6211539
505.3817964,34.68641404,1209.816091,203.5548361,402.4057965
506.2189491,55.85163597,1638.979729,11.20005384,405.646117
504.0945919,83.97577536,1196.396976,-196.4446526,406.5795376
510.0844155,135.4806165,2156.218014,393.6915449,405.2384111
503.7456566,43.19203329,942.3845762,62.94623474,402.3131854
499.5628073,36.9500078,1279.84798,154.488202,402.236721
502.6463223,43.92209301,894.4515886,198.9464197,398.0367901
497.852277,27.01782907,810.3698368,-257.0048169,399.8370022
511.4939557,87.72949675,1781.403624,154.5529749,405.2579609
499.0164931,40.5954358,1062.289336,181.1621247,393.6466248
506.1622999,73.40301322,1378.812319,-21.486858,405.7147899
507.2038499,129.0242814,2054.022229,204.3578134,402.8395638
495.4450276,45.65199882,932.732262,270.318465,394.5727616
500.0121925,81.73509608,1616.383318,44.55139209,406.7457188
505.9983468,85.54294511,1464.831037,-126.8937118,396.8385606
502.5704412,40.00990323,1251.40635,237.5804091,403.673235
498.7936113,29.81678269,649.9474565,-256.7900941,402.3764272
500.6945749,39.48060936,866.2373567,191.4373943,399.0024459
505.1927663,81.09782542,1487.315055,141.179468,408.7314068
507.5781086,69.15049273,1482.570592,-159.2316266,405.3290222
503.1807002,46.02902087,1332.527441,60.29885479,396.1262673
500.3036214,43.20553777,1110.694681,254.8438163,396.2733744
506.1300494,57.68374125,1276.579961,-183.2346128,404.4789712
509.8982727,61.81899894,1200.387173,-10.26570738,408.479261
501.9664455,58.30473403,1398.574903,100.6712137,401.2149907
508.3516615,39.01574067,871.2107021,-74.79944252,403.0137819
512.0586783,61.67233867,1256.991114,276.5366065,411.9341684
505.935147,41.01458097,1226.009536,-123.7907468,400.1956685
497.7081457,64.38309921,1654.892022,333.5750246,401.6459321
508.8696971,95.43789001,1494.506615,125.8321498,409.612709
497.7705663,28.30815565,1025.841776,78.00757358,400.3376996
507.7117041,79.9446485,1585.887831,301.6188124,411.8174703
503.1369328,44.77296009,743.4510005,-12.74935344,405.0132961
502.5896596,57.86791715,1219.479689,150.3591794,409.027041
506.5949441,64.5168742,952.2768315,56.81154763,407.6957543
503.9346019,106.7710234,1914.356285,-141.8018521,400.8815176
509.1709452,157.0013887,2565.826833,181.1815254,412.0049313
502.8681028,96.8692518,1868.375313,252.8475525,404.4461796
507.0115721,75.50497539,1331.424244,-12.87668651,408.844112
506.8781507,42.91603957,1128.664491,179.164922,404.2790467
507.4617777,38.22481132,1516.890029,318.3110324,402.4829495
519.2946722,137.7550703,2315.098211,248.9429327,418.8708967
500.6253864,31.49498368,742.7787221,-159.0882215,400.4416857
502.8595001,55.4118415,1294.947232,136.959177,402.4450978
508.2196311,63.21368446,1318.736159,203.6398497,407.1850145
496.1515735,39.15640733,946.0136832,-199.8349134,402.373341
505.4801695,96.23013788,1781.253728,-67.72220966,400.214297
509.762594,45.06908143,1421.605452,-225.2575694,410.0019071
505.1313195,30.3661315,1158.067418,-148.884955,398.4086178
500.0849054,48.00923835,1124.601151,340.7661205,406.2089377
501.0477166,37.3705042,765.933981,-13.90421992,398.5656654
503.9843915,55.48763212,893.1693999,-118.8781169,401.7806142
502.5945171,23.83919274,955.5599809,225.5236103,398.0011793
502.1448619,34.22250209,788.254873,67.09523711,404.0351744
505.0212672,58.18847143,1304.096713,-218.3487303,401.707074
496.6390619,59.68091611,1423.426092,163.0115952,397.2426566
504.3872137,76.62866342,1748.750687,213.7374035,402.7095107
511.672823,79.91834206,1468.987925,296.0322325,414.0078601
501.6444547,106.6389226,1992.105812,400.1506598,407.0169071
499.6335024,78.1529758,1390.889496,364.1745211,395.7411158
506.2410545,63.08399052,1134.868442,86.95841091,407.160156
504.9210723,40.20890404,844.6168487,164.7520449,401.2347007
502.7517253,43.67806655,1392.856982,314.0066345,403.2157841
498.6875035,103.784339,1791.228479,326.2266647,397.7508962
511.9393587,92.34089738,1438.13781,299.6634013,410.4981915
504.0176842,39.32514716,1271.89232,-126.6135318,399.3999912
514.6781574,117.6743071,2191.99394,91.56669291,408.1581073
508.0825054,34.50583195,743.3654992,-62.80175887,400.3283822
506.0730618,89.05044365,1391.028525,99.57827273,405.5622177
507.5235109,72.0769457,1444.044261,-2.567434872,405.1228422
504.2124977,34.65831449,883.8743155,-68.07858998,406.6118453
508.9918134,45.10267248,1076.250462,187.8209722,403.2174973
519.2384596,271.123298,3706.399516,284.4423665,409.691445
502.2240107,86.18603201,1237.148281,-50.75879324,406.507169
505.9277306,80.20037047,1381.612285,-154.1539804,397.9335961
504.8237242,79.1718079,1445.63042,210.0682806,403.4567117
498.8151596,41.62817745,924.2868374,-81.75728774,398.3081415
502.2708246,40.48490501,1051.307936,93.09084858,400.4577248
496.9832591,34.78097771,1267.986787,-156.8204884,392.275163
500.9197136,56.47358697,1143.492129,9.882588624,401.5049054
505.1958549,86.0778099,1607.96733,211.4963184,403.7706502
503.2583142,40.51418893,904.7188134,154.7517994,407.2748516
519.3803666,166.0487936,2398.447509,453.2752075,412.1560079
498.999049,29.16025507,1029.758103,204.7843156,395.8174729
514.342208,96.58475463,1810.741349,85.11864581,409.6495659
510.7010863,72.36052709,1487.734087,192.6391133,409.8197299
501.9319607,32.71491022,841.6791992,-101.6257383,397.4039559
498.0737614,51.48569541,1077.421893,351.1651604,393.6796534
506.8393967,45.40151489,960.136272,-41.87075616,410.8013182
508.9454809,81.0683549,1979.724247,257.8446562,411.643383
503.2016684,40.05118237,1077.201328,-9.689514327,403.4071589
501.4961754,43.78590747,964.6373121,-165.8263256,396.4812037
504.6117373,43.71594337,1093.000056,-161.539025,397.1593507
512.1469296,252.1711317,3472.966446,392.0353735,413.4501283
501.8664717,79.61949033,1247.746358,-114.0858905,399.7411953
507.161379,38.56605109,1162.925562,118.5710816,396.6158065
506.4918856,72.58807771,1415.173886,90.64996481,404.2205832
501.0495097,55.22903058,1074.021107,179.661365,395.5939816
495.1035436,27.81779876,977.0920508,-253.9948396,395.0864597
497.3634432,32.48334675,974.1208133,194.9237116,396.9773354
502.9849826,33.67272545,937.6053697,-15.17644632,406.6780729
514.189375,82.48054482,1371.412616,-201.3372558,415.0899251
507.1745046,77.91254425,1434.15754,112.3285307,405.6446982
510.7081379,108.7340338,1706.976817,126.0580279,406.4206782
505.6027464,38.58558434,919.9950828,228.7211235,400.4592501
509.0245998,32.16119447,887.3871154,134.3614265,408.3532578
508.4857997,49.37078877,834.9610209,307.6965295,410.7997007
511.533127,47.61604021,1214.420911,-90.72789456,409.5391305
508.5617326,54.61474778,1247.513383,17.23795184,403.1207864
506.8552014,51.78054286,1496.179696,-49.83549342,396.833176
504.271753,118.7189679,1768.765489,238.2740585,400.8337534
506.6492001,106.0879194,1735.051928,261.8026806,408.3261821
507.0448531,40.00458896,1200.931737,260.3822229,404.8306046
506.3868587,41.85421088,1329.532458,221.084097,405.257178
503.713983,119.5090114,2093.198726,215.8294772,398.4796979
501.8685695,66.43390719,1557.543298,-94.54325924,398.4421402
506.7898769,37.4566074,692.7636565,296.0670853,405.8102375
505.2407654,45.79494042,1301.893683,-58.77186832,410.0926488
499.9449265,55.91620104,1221.028541,-105.4981272,401.2552289
503.3426645,61.61171359,1130.436515,-215.1632257,400.8618642
507.4882271,91.16996831,1844.189196,252.9229789,402.4509303
505.6713216,45.63136472,1068.862159,247.2338139,395.1132874
503.4663512,39.58763957,1476.600204,213.100563,406.1607926
503.7921055,63.05628524,1352.092775,260.9625024,402.4713557
508.395041,57.75133258,1483.764794,-153.7053027,413.024701
502.7928057,31.47217955,646.454566,164.9864135,410.4767721
506.830441,55.24395798,1304.980884,253.0181539,409.5761901
503.1806364,55.46496929,1572.574536,-19.5163962,394.8206311
504.5711253,37.48230486,547.6206496,55.99830601,401.6452189
500.3039973,55.96131362,1077.59071,-96.75553696,400.4125919
502.5220774,83.20947281,1799.158199,-89.08426984,405.3216053
506.2366372,47.40386477,1408.419417,284.1500536,404.9005347
502.7882134,71.5331554,1166.41099,209.3849983,409.4420486
512.1118787,87.24001303,1452.613356,74.24309642,411.1333108
500.1403692,40.39789521,992.8904589,326.988794,401.8595849
509.0088344,71.22885919,1474.897015,-30.59208599,406.8896319
504.9812237,33.23775916,1084.529689,166.1396437,394.8145236
498.885865,31.81016696,1082.641539,-17.46449075,400.1630455
501.2849413,46.69814906,1069.843124,243.0704869,403.9169186
499.1590914,58.08421316,1119.063793,-234.6074983,402.1479036
505.4880121,88.51158258,1397.784913,-190.6628204,407.4867302
504.5638577,71.04347666,1137.207627,-49.8930328,402.0969899
501.2793152,39.71898702,801.9921038,-205.6187752,393.6196415
505.8830932,44.73196452,1056.419871,-251.8945621,402.0794946
497.5799231,65.26267184,1409.059907,233.2432373,399.3454522
495.402913,33.45369981,928.4289155,245.7034419,399.1920757
509.7085476,44.16689474,1135.481353,150.4520737,400.0798828
502.0664558,29.22979031,999.567573,328.8253362,402.3961406
502.6723725,40.7024236,889.7495276,178.2183617,394.4187825
505.8990818,86.75866661,1764.140242,31.14204191,409.4578383
508.0830358,58.62700057,1254.130932,111.8596244,402.473533
502.7468503,32.62103758,1028.553105,-73.46321764,400.2727811
508.7675077,56.39587208,1113.776873,124.6164814,405.0597102
502.3195957,89.41522119,1811.559575,-9.431860092,396.6413397
502.3549869,96.89494408,1878.048177,31.30117267,401.6220478
492.3788785,32.50555487,974.8996263,216.8600661,396.3646091
500.7144459,21.14772785,778.3266809,25.01368372,399.699277
504.7081596,26.99720075,813.1999137,10.91880805,406.2804451
502.418514,51.28410668,1276.05301,126.0758354,398.8933718
507.6023324,108.9164851,1653.265908,-68.85622265,396.586843
501.8917666,34.21840879,1095.835551,332.0456757,401.4184927
500.9898581,61.3429757,1239.855493,40.6381189,403.1481698
508.6171563,142.2943205,2215.195567,-145.387738,410.590486
510.8337936,42.09053197,1149.080698,275.5146718,410.035519
495.4978773,40.97222713,743.8703683,-165.9350567,392.7198773
510.9156072,37.14281098,1276.95564,-177.2126723,409.297496
503.970141,44.7028051,1153.80975,193.2264846,405.7640426
511.5026177,89.12259168,1753.213079,-209.2746986,411.9721454
504.1137155,134.1994464,2167.470344,238.0166435,393.1289555
504.820649,71.11120569,1632.99206,329.1559772,408.8049535
504.8530383,32.00620576,846.5639686,17.8333967,398.7827893
505.3758172,41.43695736,997.2198698,331.2242436,405.1712448
502.9716302,87.43518796,1694.544822,-81.59816829,399.9211081
501.5773931,69.02977656,1375.871759,214.38326,399.4115426
509.5627214,92.98944499,1760.079799,71.77653185,406.0645729
511.5361427,85.81075968,1870.815916,17.84921519,411.2690738
514.542001,249.3639274,3335.571808,461.8891317,410.9324339
503.4600741,44.66751576,1460.43453,165.6269061,407.1627724
499.0724893,43.75186287,1071.08561,256.1773431,390.7097434
492.326169,37.32581927,746.1723342,-199.6862127,394.2554653
502.6121624,73.96395135,1427.84138,32.88978769,407.6095276
502.5746139,36.4763005,1104.613595,175.8651587,397.5659333
495.2374108,37.44620333,1190.462093,248.6986264,399.629505
514.8298636,251.915995,3339.714101,-36.65736303,416.9703917
509.7324987,215.8069848,3036.111707,-23.57454034,404.0198782
507.9857628,67.60958576,1487.906216,259.4078441,407.2558945
507.570073,60.1061914,1328.858907,-237.7157482,406.4563951
504.6915937,88.15222155,1770.185546,-75.49452781,408.4511674
508.7675885,56.84359942,1306.282474,-114.9135798,410.6383247
497.7897674,30.40854845,1011.443658,84.51598215,397.7732934
496.3978847,36.53442455,851.5943952,-30.5160086,394.4667837
505.8797136,80.35310568,1537.626928,8.132883403,401.8210293
512.1310412,199.659326,3058.262551,437.9593706,404.2230049
501.8602782,42.6705906,556.6940992,-100.9789747,410.6313288
516.4630473,219.3514899,3101.177165,294.4474513,410.3988967
499.0283019,58.36948645,1268.765158,153.1733635,396.7932712
506.2352327,32.86512744,704.0917448,-83.8446031,400.6315551
507.2704548,89.45764334,1566.535794,-97.0345088,407.6221219
495.9200175,35.94218416,920.6561737,204.6998789,398.7386612
498.8371254,28.84367074,756.3797937,263.2685894,402.3230143
501.3022802,62.25613773,1442.830577,12.2160829,405.4153406
499.7268017,47.88913234,896.1506473,-106.8048075,407.5442646
508.3260286,61.93954287,1178.413338,-106.5447956,398.6655489
506.6530736,46.55740317,1013.2736,-179.6945414,397.4076681
500.303795,41.89783646,1044.015589,112.5945633,397.6583765
506.1849697,33.20905626,662.1923703,142.1732658,407.4614761
517.2787434,188.6655641,2617.016482,402.2080437,408.1057508
506.3691002,85.73909903,1709.021076,135.4455006,402.0280683
503.706055,45.86034919,821.9147426,123.0681715,412.4934406
510.3423259,57.59435826,1246.667152,53.12952729,410.2577131
511.3250898,62.1189981,1354.59224,88.90904591,408.5328578
509.3111038,41.35752461,725.2432357,300.0306361,411.3339113
503.6821624,46.25373855,1123.683525,-73.20429692,402.8800301
513.5267503,46.84719693,1062.025924,-227.5124767,408.138747
495.5264052,45.79657152,940.8524999,67.50309857,402.8157916
507.9342153,50.17365225,1401.186898,145.280624,407.2277882
514.4613338,55.99378516,1127.164694,332.9202337,405.3353493
514.0107093,136.7983756,2065.672782,206.4243183,415.7373675
501.901545,41.96047871,1116.06775,267.857808,402.2461482
508.5126156,75.68781947,1805.689914,109.9676839,407.1724212
504.6341622,94.10942104,2242.650143,89.33559358,402.6824433
508.4673451,34.7520469,913.4232566,15.6062871,408.420087
499.9936343,49.61501624,897.5455539,-82.88746529,403.2045194
511.7074788,146.5227218,2385.538435,77.36240243,402.1226563
502.1567135,49.63581251,1286.612909,111.7468988,397.9289254
507.9509175,159.4135854,2237.769967,-8.160631293,409.7997963
502.2984179,39.15833462,1103.803864,-176.7164189,402.6859787
499.827572,38.29547953,1498.287469,334.3461821,394.8001895
512.7827725,138.4681252,2265.380868,91.96271331,412.7926631
508.7251485,77.08625723,1425.010113,292.6996211,407.320627
508.7189205,57.04467105,1372.821658,-172.8931685,400.0620154
502.8173494,45.10005117,1178.462644,35.95829648,397.3411371
499.3157296,40.34284197,1071.027865,134.0203792,398.6972438
503.4533892,28.59548621,434.161754,-29.16522107,405.5348611
503.9200086,87.82105432,1542.322915,-177.4008078,400.7022801
509.0907944,38.94420013,1116.82352,-142.9364627,402.32772
506.7948959,67.83660909,1325.627707,-15.96219639,402.5420094
501.2441274,39.47451722,1456.705269,139.4006132,406.4942712
509.7657752,60.67290454,1480.526289,308.075962,401.6379934
509.047333,132.6178403,2304.561357,-143.0178052,404.569736
497.3771559,62.55556829,1112.564346,176.0124761,405.4757246
514.929666,270.0015112,3301.168035,154.3633,407.2007839
503.2251788,59.31846465,1176.344158,288.224552,401.6509005
506.4377503,66.55663818,1333.003263,70.9767422,404.5392902
495.264684,17.78244999,538.1054837,240.3912059,399.7422977
497.2565265,28.30832897,996.3037765,3.369500747,398.7014543
507.2697337,93.82307911,1718.343463,299.2226148,403.7962148
502.9594618,46.71440966,1469.178286,95.14010142,397.4947219
504.5383294,39.14251614,677.1786647,213.4090689,401.9575736
505.1673848,70.44360304,1216.530929,338.6171791,405.634369
500.6086124,42.96868207,1128.035483,-171.9194691,401.8782325
507.8973887,167.8894538,2270.330537,87.9856214,410.1716148
500.968311,34.67987971,733.3823036,-225.5288572,403.7014378
505.8285164,55.8755624,1077.85767,-136.057388,407.2569998
508.9262226,109.6328528,1886.541408,140.4907467,411.3656021
516.0423904,164.7757248,2393.478327,78.82151908,412.5228978
498.7902486,28.98651308,675.7959722,-1.619983296,410.2785703
510.6375899,42.80482259,1120.309647,-57.12043225,401.3908594
504.8054214,33.60347416,1200.229738,98.17921509,398.2566042
500.8072209,29.93260111,996.3783301,-118.6326286,404.6848236
497.3318716,28.2209128,605.7853884,125.9771662,403.4609735
497.2744185,31.18902739,764.935291,186.6293338,402.3400496
508.5982839,114.2431902,1920.75816,143.6391771,412.0649888
502.587338,50.68577886,1267.769247,119.9520934,405.813827
499.6740555,36.78285392,444.8324751,250.3648437,392.3891444
503.413599,46.24417672,922.8818329,103.4046794,411.2484399
501.6898015,64.36447161,1171.364468,-192.7430539,400.0236307
503.5096193,65.59997558,1528.495846,-209.091965,405.6616863
509.7205028,95.21032335,1833.35544,141.4110441,403.4770536
500.2091328,45.42665529,958.0429837,272.4540847,401.285374
500.2014716,34.79099295,1268.591993,44.3377475,396.3882889
499.3056523,36.63737055,891.2958842,-101.863759,394.5591684
501.2549331,70.32652794,1457.20967,-205.5875709,401.0191512
506.5930356,56.38386081,1145.994697,333.3092416,402.4509347
498.0493046,44.72277055,1036.523802,199.9713726,395.2607438
508.430084,47.05009157,1179.97867,-139.815863,406.4782094
506.4025867,65.06605032,1288.372207,54.25985208,404.3846501
500.4873484,59.14918442,1307.625471,341.4884417,407.5130932
509.101937,28.18338562,1238.245481,323.9356165,399.7378842
501.1860116,46.00817636,1026.409184,254.3055803,400.7936776
502.4560938,34.62183429,916.3517645,254.7858543,399.2163972
502.8954966,112.6566293,2077.121696,131.483659,408.1075342
512.4239015,61.34921052,1222.456236,-188.9763974,409.9255989
506.6457297,33.23416587,1094.874647,-265.794661,403.0518093
508.1418285,56.68553412,1097.915656,-65.19522201,405.0567723
503.4648817,38.12522936,1088.688235,-27.63378205,405.794922
511.5205188,114.295313,1967.649322,131.6195736,405.6281417
502.4549099,46.88560625,1146.001296,-15.87158202,407.8710969
502.025299,34.10619071,992.4977782,140.9216207,408.739934
505.5055712,32.87465039,971.6147047,148.5170466,409.2470656
505.8867888,69.15418014,1279.780193,180.8882774,415.2224013
507.6182631,45.53413254,1336.241325,-16.35948445,410.2249656
499.8962418,34.19394136,1104.412782,-103.0582576,397.4616387
504.0973498,35.08917533,880.9628239,-22.8371891,406.4542077
509.1526373,46.97846436,1267.095396,190.3298213,403.7216597
498.9760225,38.87722456,1020.190484,-125.1870288,393.2702863
494.9111236,56.50857678,1434.439248,133.7250217,393.5350027
509.6767465,56.84765365,944.4035115,-205.3116234,405.6690439
506.1610079,57.08045576,1505.71777,-150.4273298,406.8256969
505.680571,37.31094458,1187.35435,196.9336456,405.2737754
499.4748598,39.55426562,1355.214627,205.6696477,401.157883
502.7033405,46.95171663,711.6195725,7.304866758,402.3468821
514.0416437,97.44274954,1583.829367,-15.96589193,413.2805769
511.8329778,108.8623302,1992.314784,161.4795332,418.0904359
504.2744941,31.7448515,598.1481847,4.007313493,397.0046
503.2552111,57.43386336,1182.126213,288.9127345,405.9209104
502.4721218,59.38251371,1262.161985,17.82790314,393.9327686
501.3062297,57.6744648,1551.463635,335.9535654,398.5396792
502.9027531,56.88779202,1064.075419,133.5697528,402.2184132
504.4486205,35.47595062,849.3496972,143.7540043,409.1424663
504.1676506,46.06108157,1057.797858,331.976139,405.4805198
501.7290772,85.86161967,1409.69438,340.635036,397.5290729
502.7204153,92.44497179,1695.808412,-148.4096198,403.7436076
505.9663966,53.0493263,1401.716311,-4.012262372,402.1649539
494.9276571,29.20957515,951.9909489,-101.5944982,393.185088
503.8196102,58.81039951,1053.775346,355.4304203,399.4307548
503.4718837,37.16424055,876.6296856,-88.10304601,403.343612
502.1949989,42.10829361,723.8574552,-186.6171975,403.6765613
497.7831151,59.00469486,1275.919669,-15.99245529,398.242368
529.5553732,296.8458294,3971.383711,69.39041527,420.6260748
521.7270588,292.169791,4014.154231,-4.260405852,415.2854432
501.8677337,113.5804934,1864.658046,220.3022136,403.0230441
501.4074309,62.97347765,1030.587561,261.4497782,405.6304833
504.1099178,44.8067106,1120.422813,-203.448441,401.6054086
503.4194574,71.11634676,1168.823644,339.9937496,399.4464182
503.3098858,120.7110646,1720.195425,357.1248007,403.871731
510.2320689,177.539387,2568.935143,102.5103983,408.4529562
503.1184497,61.62600015,1488.662929,328.7319969,395.4385117
499.9652514,56.79977717,1451.674268,149.5785202,404.2310001
510.2056422,72.11718668,1246.132691,-203.4398919,417.0767144
513.7310995,186.688724,2957.222145,170.7925781,409.9261221
502.2103661,28.15723213,901.4766999,-222.9938884,393.7447701
501.4124619,42.69288642,1097.43015,-91.89458235,401.5937576
504.3245136,99.08473148,1733.894519,126.8033716,400.3893177
500.6069535,28.94535115,748.4015141,-32.66844578,406.4678216
506.01849,47.69091442,1232.409884,333.3814063,410.240402
508.6891903,54.62618599,1132.121748,247.4849728,407.2089992
501.3415882,28.328536,1043.015558,323.8630225,407.4439918
500.1685208,56.72290481,908.0172487,261.6742862,399.413907
510.0183246,40.00989519,972.536838,-137.724582,405.1459102
495.1811293,37.83304012,979.4115657,-34.83954635,396.1656917
504.2919209,70.03652765,1168.829349,223.4464151,406.6187832
521.578044,291.7895605,3776.546906,316.8443286,421.0742558
503.4447744,64.83562341,1142.840179,58.42917514,401.8218831
511.8839056,92.70098308,1560.819252,-141.6827722,407.981857
501.0331518,43.56808266,1124.690187,63.9402356,405.9546088
500.5862322,55.42815747,1304.962821,-94.15977742,405.7025689
503.2118973,49.69869483,1175.269468,-233.5378949,406.1588234
497.1876344,33.49608547,879.9045122,-243.9243245,396.9558723
499.0901168,77.37553295,1528.735264,39.86781755,394.8412065
499.1281615,73.23849136,1443.155442,-13.44365487,405.30317
498.5040336,72.59847431,1585.077956,-41.18031815,400.6891848
502.7424137,76.40143849,1461.489329,374.4674117,399.0002451
514.0939332,212.7676556,2976.912172,153.5218971,409.3501453
504.3016522,36.88816201,1160.879123,-156.0664161,402.4204947
502.0654507,61.83010799,1631.556884,234.808612,400.2186576
505.2644035,29.17931557,1242.7747,232.2232556,399.442098
503.5239727,64.57396751,1334.746186,361.8152661,406.3254875
501.9482656,35.00022817,887.7606087,282.6286207,405.1240597
510.154659,61.95739481,1112.577712,-235.6491026,401.7492814
503.663527,83.60841707,1323.061852,-33.24881276,399.2111427
504.7423979,56.3788001,1352.718399,-135.9144398,412.1815651
508.6275562,62.63301253,1270.129216,72.31387852,402.6699049
506.5691958,161.1805742,2410.601925,-58.60814037,399.3905085
495.4016274,41.37384413,1154.834592,108.7056477,394.3367067
498.4635688,45.6095359,1368.359485,77.60478218,395.7253867
505.1916859,42.90122965,1252.05299,250.7889983,402.4638829
502.7354741,43.60849831,851.6325037,-2.870275716,405.8610724
500.5121023,70.97919421,1600.313024,137.3333012,403.0317102
506.52545,65.65675167,1209.638331,71.81057203,405.9104355
504.1535551,70.39412253,1701.948844,112.4728478,397.7463649
509.6107453,29.14217224,1016.247741,37.7438295,400.22678
504.3364465,28.06024169,944.66646,-248.63274,393.2977669
508.5408947,117.5046459,1880.343023,-5.296049835,410.0721588
497.194424,82.15933812,1734.399095,-76.87909089,398.2079841
504.2810962,96.27717265,1655.79952,352.2414522,407.1624711
508.4562303,34.86487696,841.0536619,109.6537251,403.8984384
510.4788109,115.796979,1841.924416,81.70597752,403.221181
511.8251533,89.62543997,1299.360796,-42.6784494,406.0718119
509.9234539,62.13354987,1168.976113,-44.14543736,410.2978493
508.4781134,55.26116589,1405.765015,-171.1380921,410.3532064
502.4906871,44.98278548,1174.381648,45.19219518,396.7399944
507.80071,36.29614074,905.7821429,94.57387874,410.5434615
499.4066111,26.91091954,764.6669591,-153.4154701,394.9522464
504.5124322,40.22246221,970.3233227,-118.6088586,402.0877235
519.2178125,294.5707837,3907.932349,295.9112055,414.7677163
503.8623298,28.07201425,1044.285476,279.2451124,403.8659824
499.6139848,58.91832659,1445.740017,-219.7946627,400.2501629
503.2928384,36.06365342,524.2027604,29.98840334,398.9508484
503.1523464,86.74568404,1459.741737,-107.039363,407.3458338
508.1206444,72.6819237,1503.116056,79.92068113,403.3116363
501.3632657,40.11750566,1275.84179,-168.5012748,402.1238963
505.4790487,35.47606191,968.8798013,187.8159782,409.7676737
509.5141609,43.06612005,1248.458674,-188.1418914,403.5582222
502.2857987,44.14824168,1091.818904,244.4937076,395.6416146
498.2142366,69.38387453,1313.145205,-50.35666265,399.0005564
503.5857024,32.03965655,1126.510089,19.19750703,397.2099389
502.6160152,44.80523039,1295.053506,182.5821079,407.8409338
508.1430485,155.9182588,2531.091833,28.77984464,413.6750777
505.5614414,85.20984768,1411.121916,316.4639991,403.2338164
501.1980964,61.41150193,1114.415073,8.830420207,401.6615834
501.9064313,68.45718585,1374.476495,310.1677123,401.7809669
499.1905253,34.32662588,944.0958098,-108.1288567,397.433492
496.5262836,33.78011039,1064.262102,-229.3633898,402.1531583
509.516658,39.00777473,935.4464686,7.334468407,407.3703868
508.1518754,114.0371958,2143.235437,230.9107291,408.3071573
513.9992656,143.5487426,2294.280847,262.4078727,411.7380614
497.5986909,39.20730802,1077.468174,-134.9358803,396.4244958
505.2204403,39.21699363,961.1627617,244.3740354,407.5696497
496.6382894,27.98787148,741.8596374,322.3276815,395.5357967
501.7521554,77.55629272,2030.804087,-191.6128895,399.3584133
498.8726844,66.17010571,1420.073105,309.6357192,401.7464005
504.4149532,39.51662087,1070.330053,-201.0758585,409.3683292
510.7860246,102.6685839,1743.933761,-85.6861731,398.8158498
505.8955248,47.11213129,655.2229839,226.7790068,397.1925148
514.9132505,168.4579607,2431.513647,370.4945097,404.8530287
502.1915033,44.76831704,1104.414508,26.65134491,403.0012854
505.171674,67.31298312,1355.624749,-187.5448576,405.0977146
501.8789253,66.20802752,1509.237177,58.83718472,397.0284575
500.6842382,88.10113219,1558.972737,-124.3288643,403.1529595
500.0941665,43.17242703,903.9203861,213.0110024,409.0179126
512.0195477,89.45536384,1581.031281,369.2353026,412.7162641
508.2984546,62.40855118,1400.046075,-153.0016575,405.7291644
499.3491801,30.46406104,815.6247528,-251.5622634,396.3233681
512.057487,170.4805336,2521.170352,54.90614665,411.13957
491.6003449,55.89626445,1476.230295,160.2811898,390.5810122
501.6616667,87.15646417,1490.012972,297.800361,406.7340251
501.0801588,59.6541541,1513.967195,16.32922704,388.5367944
511.8731481,220.4242326,3144.888967,214.5635536,413.0582458
506.704353,69.12648416,1554.384556,-27.3693368,404.1449837
504.3631005,23.63205456,1188.913524,-57.17480558,398.4095046
507.3630607,86.06997517,1844.555109,-142.5457493,402.5711157
509.0991073,109.3396079,1876.334572,358.8103988,406.4456605
502.0774306,83.06439555,1460.277509,-216.1677514,399.8907434
504.7299067,37.78107472,1033.424166,125.9435473,404.6295071
501.9028836,63.97216682,1557.142676,188.7995584,398.9915897
503.5936216,37.68343331,1055.574658,296.6156758,406.6506185
505.1074073,86.87825631,1644.698942,-193.9530954,403.486224
510.8694712,85.900507,1741.096469,264.256076,411.1632842
497.8389149,75.39829846,1914.422221,-49.02186686,407.3475633
509.3366487,45.55070867,1042.427206,-85.19063442,407.3940972
510.3146744,110.0492593,1642.184704,9.690439641,407.0278653
507.9363599,37.98629021,1316.18097,-97.53184054,404.6665274
505.4429219,64.19910071,1603.712046,56.09111101,399.0381989
500.6822023,75.52844038,1229.907337,46.45593594,406.6850637
502.9690112,34.47344431,1119.787616,317.7085135,400.8987779
505.5318223,81.43853122,1654.100672,-65.9278118,405.2236423
509.3218804,80.53383647,1458.082899,66.93141173,413.2280742
501.4880043,49.07571078,770.5901616,213.8922377,409.4336789
504.3757324,67.76204401,1262.135571,42.64400204,394.5727618
503.8998792,57.07903218,1353.741425,314.4877105,401.213621
500.4157529,61.41353082,1369.923796,229.3770855,398.6044767
515.9256099,122.9748806,2164.861053,21.17610383,415.9937888
504.1617718,86.16965412,1613.374167,357.3635619,404.0351019
505.2230955,48.04450367,1337.228356,-4.711991309,405.1495891
500.7187634,42.54833552,1157.932846,264.2079248,397.9194229
509.7712276,110.8567342,1564.148097,-113.6295677,399.3092817
504.8580965,59.76153534,1603.540093,-61.25993155,403.4318455
505.3073247,64.54660271,1449.083248,222.7308789,407.4874339
504.8337713,89.44752889,1470.862214,170.0025309,405.5671476
505.9755487,43.78576965,1132.833865,112.4102837,402.7346223
503.1140402,39.64120012,1059.940579,-240.876984,406.2631202
494.0806017,27.5242379,740.8774983,298.9819798,393.2371526
501.343942,26.33640181,989.0575576,-103.376523,402.8310983
500.2378137,129.4125087,1842.620297,-136.3462252,396.6100179
511.7826714,50.0541269,1242.678952,260.7906867,406.715688
506.4363873,89.25088655,1518.239446,-163.1793755,407.7458815
499.4622318,49.63557453,953.4333014,-65.11649198,402.5490781
502.8839322,30.60956781,1117.009008,-154.0708551,401.085626
506.9079543,108.5665375,1895.809839,85.94137158,407.3575453
501.1638024,44.12210929,1011.768912,-7.254989434,400.4478185
494.6913134,36.56457136,646.6826119,21.91480379,396.0888836
513.5491875,131.1596145,1861.937583,106.193404,416.1705436
501.1281469,55.81379653,1317.305779,173.8387664,405.0187534
502.1166567,68.54898455,1483.921597,-90.66296718,401.8774046
502.9935916,60.25476149,1335.652439,217.986391,405.2795992
501.7787989,30.59094687,1010.340417,28.15949632,394.3937205
511.9889516,32.04962331,879.0170218,-158.0208936,410.3578793
507.5377369,46.39585641,1208.924675,107.4602478,410.2148019
502.6440269,45.98330253,1133.317141,308.5749586,405.2750855
503.0425927,33.78629948,1096.580112,320.0996796,397.4383292
504.2906134,45.57163296,1311.451958,-221.4889079,409.3586327
501.8616706,80.3705167,1248.937902,371.2724457,400.4835317
505.8354432,114.7984121,1750.472364,-66.34807117,406.7431763
502.8384273,46.29465858,1333.959945,282.1220795,401.0076425
502.7118678,41.40076852,993.7693455,-6.620523653,403.6806956
506.0570336,55.15581775,1183.15062,250.8574727,402.6595814
510.6586572,60.55824955,1632.356031,211.0875265,408.1872326
505.4702024,80.05330476,1600.983153,-147.6382077,399.2400914
503.9261873,40.99037387,1070.180307,-120.9230703,409.8488181
501.6345002,59.30511947,1717.292632,15.0670549,397.8820602
495.9481089,62.94779303,882.2659815,279.4395254,390.0460024
500.2514247,40.98578183,736.4139861,-88.96574207,400.2648058
500.8203054,62.48931631,1145.229319,-145.3363444,401.7451645
500.1765823,36.74366509,1367.701897,-225.2134699,394.4737726
502.465788,36.67140939,906.7936399,64.42362131,404.7486551
507.5496146,76.23541315,1560.474607,-148.4913205,408.2972904
501.5577669,29.42332346,454.813601,163.1385228,396.6476054
497.1007242,42.17730925,1256.536584,314.2982673,401.6922344
512.6078156,250.8572418,3560.886181,433.909185,410.7349064
516.9920079,137.3955838,2334.34844,391.779019,412.3795797
507.6046504,58.13709223,1424.785903,-114.3182189,397.297534
508.5888216,63.02581994,1421.142227,-71.48276352,412.9823894
510.2784953,58.54307435,1354.055257,-80.50545088,402.0819279
507.1128957,73.70424786,1400.667692,301.2670817,408.430574
501.4379025,119.7527832,1756.438754,117.0988595,404.4736853
502.5689716,31.81536673,635.923388,-82.38454917,396.9901687
510.3860663,61.36485887,1114.202944,173.7053813,418.2224602
523.2226809,277.8927662,3771.73324,6.005289881,419.1485727
501.7769852,38.74370193,1228.338038,-223.7777583,400.0098669
506.1238431,42.94519041,1038.907789,235.6180386,405.7640733
504.2696005,58.06373542,1820.543487,307.9866908,404.3820293
501.1737346,47.24837877,1152.657028,-55.85257285,394.2114193
501.3339775,60.96073583,1259.45799,100.4453454,402.8013394
517.6061781,249.824465,3308.585782,394.9778573,418.0748167
503.1486879,55.55983265,1189.890062,-115.1221529,397.7329487
503.5537985,33.98817825,841.4993279,55.91631444,403.4934367
498.7772507,111.241805,1780.281747,-45.64002267,397.2250807
512.0167707,104.774558,1837.564219,234.213953,402.3808772
499.3662548,35.42594265,883.9542263,25.26406662,404.0820441
501.6963388,38.52378971,1199.22807,-64.43604322,407.7103812
501.904636,84.13281199,1076.899332,61.87325772,402.3758164
504.2948534,48.18133063,985.6407015,41.75978809,397.7669731
508.4903667,58.88887509,1106.612688,227.7346685,403.857915
500.7513428,64.91726727,1371.447933,-73.64410397,397.0485911
503.6347771,48.11458073,995.828968,140.8554767,393.4267931
503.8358828,112.8589748,2051.171815,36.18017571,399.8243357
506.6256133,61.18809872,965.0111183,14.95671698,402.8495599
500.9764057,59.02147961,1155.146816,333.7264021,400.6994949
502.5690447,109.3504398,1875.968814,157.26158,399.4111983
502.447157,33.51264,996.2037875,188.9675724,406.9951514
504.8233687,40.80419355,805.8858907,71.09818744,407.4604264
497.5714534,36.12651456,1239.301619,-111.4732466,395.1375391
508.2406628,91.92895189,1592.923372,-131.3518012,400.9921459
503.6433266,34.6248765,1230.364358,109.0910932,405.6014018
514.1720879,72.90416272,1775.485512,159.9750742,410.3478025
500.8817035,57.45363822,1159.842213,-87.51036376,396.7239097
502.3514275,88.94126384,1579.905212,-205.0785897,406.9201887
507.9556658,124.1600968,1853.404913,98.29307057,406.0767964
500.6841672,50.55992463,725.0006104,-28.19082086,406.7215877
500.5025828,29.90247684,1155.963401,-48.50001147,400.6476345
501.5397798,61.35912283,1318.747908,-5.536808663,401.3312966
505.825211,50.85916363,1258.745107,79.33369947,401.5068535
510.4729777,105.5224513,1846.519727,-156.3468704,413.216858
495.6573945,37.04605323,1061.924806,-124.4990841,396.0452203
496.4557617,34.39938647,858.5063421,157.1984312,400.478696
507.4641166,42.16651012,839.505877,183.2209115,409.2066223
495.344937,48.90666706,1132.471454,60.10626908,401.3182176
505.5350394,70.6722126,1542.433164,264.3606413,398.8784811
503.9614924,42.8902597,1011.599455,81.09376792,396.1770286
495.228905,29.67909842,919.1638214,-139.9456163,392.8910989
499.4914724,44.83696228,895.268481,166.1674262,393.7605023
508.2119206,41.8678944,1044.636219,-38.15388064,406.0855556
505.8322165,64.32773708,1060.546508,-63.92174219,400.0560545
501.7776982,60.22617124,783.6603192,267.645637,403.888544
499.9103304,62.85093811,959.3606534,248.0810258,401.7341158
504.5689076,24.48664451,1142.437022,102.6771978,407.623471
509.1531389,34.50754925,682.1943377,46.76669326,404.9811617
502.4712918,57.56922735,1604.896807,80.14753758,403.3315769
507.9704611,41.15131674,1157.079768,27.29229303,400.447409
503.023968,42.04386164,1140.977481,-139.6556662,407.1552716
501.8652766,37.36986801,1017.134817,-87.35437669,399.1245005
509.0065244,87.55043956,1247.986042,-55.54406316,411.7576263
503.7439417,48.12320899,961.6111373,151.5379824,404.379967
502.1506403,63.36675681,1714.667943,-93.02562858,400.3334276
500.8345664,35.62861646,972.7063925,-196.8609061,401.4552597
510.7357271,86.28284043,1603.02046,-129.1066197,411.3024876
506.3747976,64.42918577,1262.672702,-14.74982006,399.4574561
507.7081555,36.00324897,653.8566493,312.2927241,401.6436362
508.6709176,109.0268917,1958.93574,-11.86334152,410.3669483
500.8712164,56.39842972,1030.608464,270.5778343,394.1894547
502.4428482,63.92159577,1293.235491,-150.4182597,402.4612178
498.1866902,36.66558435,1061.63194,25.12710562,399.78767
500.2987625,57.97544979,1422.225303,-103.5310889,399.9412582
498.6199402,29.346685,848.1406094,173.6599142,398.3087261
506.3174757,11.79590087,1051.923042,192.2219504,404.2191194
505.3049426,63.135078,1068.111659,-90.68232052,413.115119
507.0100573,75.77096869,1437.913894,347.6348458,400.8704604
506.2872274,47.37874839,1263.023174,237.3160766,409.1824094
511.9257615,78.10598009,1820.662742,109.0388859,408.9741807
497.2819723,37.05433785,957.0762619,107.8913406,398.2657118
523.9465814,250.8894429,3433.025798,-2.454642691,417.4773075
502.3864345,79.70080669,1599.654093,279.3138626,398.6411722
498.5748568,29.81093976,881.4648125,-81.77054866,399.9478412
500.4888156,59.6196736,1129.459683,172.9932582,401.1697775
511.3163157,96.22577509,1472.183096,-193.3198356,406.7761293
499.8558333,86.19286018,1725.836914,-76.97157309,400.1347685
491.1482896,35.5596657,926.8216961,246.5610372,396.1822935
508.5335017,113.5374281,1880.511247,42.95781943,408.8840307
517.1087003,181.017443,2706.340369,296.2315171,407.8892715
498.356035,41.78850634,1263.830025,43.40688295,398.6524846
503.2777437,37.84453863,1052.219717,89.08466141,403.3272006
507.7574357,43.82195274,1273.107649,20.38349134,406.4811388
505.2106178,19.8234157,601.6355697,158.3295857,402.3064202
500.0494633,63.53604567,1321.479967,317.5760825,403.6900491
503.1566172,108.18176,1994.394034,145.6124587,407.2777457
499.9162189,57.92385718,1300.968154,231.1634434,406.4852996
508.3594285,81.45753183,1880.384342,81.19120761,411.44301
495.3840375,79.41069983,1192.981238,179.1269088,394.544982
503.1568627,36.63056549,985.0421485,-194.6554424,401.8605098
504.1227399,49.60783331,1185.400739,65.88114255,400.352204
501.3833178,37.95178498,657.1299877,-135.6080708,397.054287
500.6803416,55.88928406,1543.186191,114.1480503,393.255193
511.7459904,63.37146726,1074.74758,6.98565891,410.9292767
511.7385464,72.7466516,1372.780361,-197.8440358,408.5719693
511.3568951,70.69224582,1262.537661,164.41939,407.3231029
500.3733662,47.689653,1212.913292,-143.6764873,400.4048189
503.9068196,59.71852277,1097.413229,14.8053364,404.0400374
505.8569612,56.55700776,874.4097061,49.14330829,406.0181461
502.3004858,32.76959872,1073.266969,-168.8848488,395.9719285
498.3565838,64.93077088,1121.962304,-37.28276169,399.1522273
507.3245982,113.7902022,1434.21358,258.6060708,412.119317
505.6635854,36.71321976,1292.363274,67.69187418,406.986952
499.9738246,36.05623441,962.1194918,-228.19764,406.3112104
500.0405496,67.63176821,1698.710248,319.6882859,400.8361921
499.9405948,48.18948079,1187.38503,162.4062865,398.798266
500.2401808,61.15045866,1244.882317,139.1421213,402.0071881
515.7282161,246.9031844,3412.522024,280.6061592,409.5088752
500.1234184,28.08752477,642.8922406,174.1777429,392.6527549
509.5921576,35.65437802,1115.296034,82.10026243,408.7576716
504.0261722,40.0214744,1113.322083,-13.76104865,406.638735
513.6054567,205.174519,2559.171256,121.1647789,414.6943912
506.837622,33.44491514,1253.471462,-164.2949137,401.163528
505.3654385,73.06960588,1171.163666,158.9588773,404.3841012
508.9539295,56.95871529,1225.884078,-90.50033172,408.4013423
503.3084584,31.73192276,859.7096004,305.1224646,407.02068
509.385255,213.6238335,2783.672206,93.05269693,411.6196071
506.9447685,117.966227,1706.401514,288.2550514,406.3613738
502.0021299,64.12636031,1045.977356,90.57503891,403.1925469
509.9346044,96.68106745,1792.394625,327.2880378,400.70646
500.807915,32.50778435,1065.45941,-121.8135848,399.8834168
497.3937132,32.83141377,1022.466533,146.8437052,398.4133346
505.2287803,36.12165843,1136.00746,131.7197954,408.3355496
497.9601063,36.07084284,1138.517123,257.515622,394.9004945
515.71432,159.6733154,2444.303044,433.864181,413.7436693
499.8839282,42.73963501,1078.59633,-57.78834656,399.075522
511.8097185,79.46387517,1565.429467,-105.9636561,404.6720625
499.8876841,38.90026371,1161.663397,-53.74089893,400.338685
503.3071626,64.18014032,1487.205446,316.195493,397.8801488
505.3039193,54.2020054,965.2885877,172.1947927,406.7041236
508.4689483,104.5813317,1798.176753,-90.40646323,413.7539918
501.3307314,36.70704759,686.4125329,61.50113557,398.9576377
496.2504428,32.64906598,1081.244024,300.9214431,393.4846357
499.4932289,58.63901707,1120.965766,-148.6782537,405.571147
511.7516578,176.9292663,2676.659786,64.85715145,407.7453494
505.3727786,33.517977,946.8345835,324.5308804,400.0427864
514.9091825,76.26703822,1610.085147,253.7728528,409.7633704
514.6452704,116.7994178,1618.889623,379.3348946,412.1704082
510.9634559,206.5688386,2793.352789,480.7513411,411.1181824
503.337868,43.97754176,1066.844287,-85.4859482,399.8669691
502.217702,30.86965549,1037.964778,-208.0832957,402.0318469
499.860016,34.62158093,1001.184126,270.7450635,399.1868776
502.6213128,40.8032629,847.6709573,248.3579086,398.6816323
491.6619254,39.35592005,1107.927299,187.3867094,398.0792873
511.5069667,64.7487939,1437.207648,174.1979626,407.6443356
504.5870207,97.74042359,1752.956553,151.0834565,409.5301492
501.7811047,44.16968088,1146.715414,-103.7671649,398.8694592
503.3998667,60.76770885,1480.630469,-230.3936311,400.5653267
499.7597938,28.73632594,1005.792764,145.272303,398.2726015
504.6412618,45.28778961,1373.007604,-216.4139501,405.9199453
505.5657176,43.60979697,1356.873923,69.60088638,406.8727966
497.9998019,51.56554942,834.309144,241.1551413,400.2398333
500.1204572,45.56516461,1036.89692,92.50115678,395.4357628
500.9421779,30.40631355,691.0187823,299.7935879,400.5359824
503.6811646,63.3063414,1375.01327,245.3578611,394.7983634
505.5698298,41.46080592,1486.64669,-230.6008782,395.9259645
507.328943,80.37436231,1498.054711,227.5117563,408.7718813
500.4661868,78.0820227,1059.749658,227.2054437,396.378903
512.5238884,122.2314956,2107.247319,218.8205654,412.0910283
496.8513701,31.16166745,990.9339996,204.7357601,394.5022936
506.8199192,35.51243442,793.8469547,24.74047613,405.6103299
502.1620343,42.37218315,1115.131539,338.0970075,400.2290316
508.2000451,58.7389332,1390.208434,-1.811060244,404.27237
513.6316908,207.7931408,3071.166458,119.4626015,411.5734098
506.0879629,48.14954873,1006.598944,-118.6169935,405.3229802
509.2817362,234.0466298,3404.046633,318.7964964,405.3548413
504.151396,63.61909951,1130.52508,-100.32791,393.6968081
501.3943441,26.1005657,1170.531292,318.5948385,397.7227154
506.5577055,117.7012753,2013.736522,284.4655507,406.6995548
511.4837492,117.9293824,1867.866815,-125.4635406,410.3047757
503.6672782,57.99438636,1637.981576,-170.6250547,410.6970869
513.4797394,64.97038019,1293.298594,80.13174966,411.2968511
501.8758161,58.11130018,1488.351022,-64.95851218,402.3549564
504.5523847,42.73607836,1191.624785,-1.251628553,400.9474254
506.4484688,33.42276539,1354.412086,-247.8716945,404.1138594
501.3272304,74.72458272,1703.972191,123.564253,402.8609521
508.1175999,48.1905286,1191.265266,-145.7933711,408.4435497
504.9698558,60.49765443,1604.838964,-53.97642989,401.9959487
506.4372617,45.4527193,882.7476599,124.6962644,410.7860558
500.9553421,41.19793643,962.5236057,150.6695801,399.6569346
507.2209286,61.13184972,1025.094544,30.18599369,417.0990638
504.245226,56.94282501,1349.242893,46.08567151,402.7551529
506.0245671,114.9259856,1793.007292,-20.51509704,403.5646385
503.2931144,51.25708167,1022.284917,54.01359304,403.844628
500.5340416,31.97553216,934.5944871,-266.4043644,406.9786884
499.81805,64.86485554,1329.832616,224.8968777,398.1827412
502.4982916,49.4356833,1121.099417,-237.1391775,400.1160436
499.7890818,49.12689718,883.4322989,345.7245382,401.1820042
500.6816651,59.24483617,1364.162056,-117.6734327,402.6658057
508.8845497,103.7652823,1773.237511,-96.52180662,405.2904606
503.832796,54.28484233,1312.346986,242.5708883,404.4842195
508.8616472,78.50723103,1671.100749,145.1912074,407.4480656
497.8896593,41.97864066,1164.65155,199.8136734,404.0799642
506.8082493,205.8655698,2793.137267,82.46226302,403.8215411
504.927348,73.36410485,1595.352401,-106.4229226,401.5042545
498.6278539,46.9347801,969.8304571,42.71075352,402.896245
498.3429779,58.85965686,1155.791469,-173.5979356,391.6222209
499.6758877,45.64812034,1038.633813,150.9627118,400.2105422
501.540713,56.67443533,1459.980318,351.1303914,400.0031899
505.4678894,94.42330813,1462.975561,202.6182626,407.619163
516.303034,161.7381576,2479.483819,54.09681802,415.4307004
502.3106173,56.30011686,1060.229713,46.26299764,406.1617605
499.8795453,82.80249566,1637.647631,202.5162346,404.4284144
507.9715088,44.33724503,976.9378534,295.3670471,403.8095148
505.9017312,37.40693156,1005.652545,-69.93235818,402.1076638
518.993486,244.8856361,3400.684468,361.6712641,416.4764193
506.2484812,41.36754019,1036.133224,-24.61176831,407.8240202
507.2372785,81.90985706,1457.238149,-115.8284499,408.574898
511.5335705,78.72312966,1464.371046,242.6299841,406.7833169
505.4250632,87.62423009,1688.733982,-182.0804475,397.7343064
507.2291993,86.17511826,1449.685877,231.1664412,394.5979926
505.5954317,107.2229818,1898.124718,-95.30123346,405.0565631
506.3460863,72.10053428,1251.484045,241.3631277,403.2487463
505.3324272,38.35628768,1304.074078,130.9180854,399.9082456
510.2357381,82.9334148,1347.832207,215.718399,407.3127836
508.7546085,42.37421958,1232.926169,-213.5968098,406.4802257
508.9622481,38.71434651,1095.116659,121.0825542,404.59668
506.7390305,32.79495914,996.6370373,11.52581475,405.5189496
519.8438338,235.3725489,3402.901927,21.77549209,416.2597977
515.6643994,285.37416,3754.954768,56.70275076,420.6829907
509.659299,84.49346705,1579.174332,233.4012852,406.5710461
507.9847586,46.45599102,972.6340418,-45.34503614,411.1265632
504.7369869,34.94970304,675.1519166,286.5611148,399.1733293
509.9362639,169.0920443,2389.204447,221.0129949,410.2469961
507.3916597,40.28151295,1138.826824,41.84397444,404.5529869
507.3757367,56.48338613,1236.022439,178.4147569,406.4880314
504.9267334,48.50160525,643.5280158,-90.26793182,403.8364113
503.6843659,41.56752787,1112.818693,328.8516285,399.8881307
501.4466366,38.35918923,782.3772911,-107.2186623,400.8812612
516.4441381,181.2224941,2730.499391,242.3688394,412.3710857
504.9835468,76.71046774,1665.702712,-42.24860841,412.6954647
506.0346462,45.26621607,1048.943456,280.410766,398.6056488
502.0103187,60.64552224,1050.624464,-91.69680284,405.4561425
509.3717016,114.4918603,1531.06366,127.4030401,409.2585283
507.9019424,39.30076137,1338.894028,-46.38006426,402.7373286
504.6549301,23.97541842,1170.573745,264.5657316,417.3733033
516.553667,288.7691485,3729.561383,428.3508288,410.9202795
499.6518267,58.69667642,1200.208171,-202.9553447,397.666972
503.7750413,35.8854922,891.6086779,314.7940029,404.5785101
518.906543,229.5481844,3241.017425,-45.45142078,422.2998016
500.972339,58.55043309,1133.908802,-154.0172137,404.3457841
497.2752402,42.24259181,1370.161569,108.6907193,398.9517649
514.0015836,154.7790386,2217.742163,310.6799994,409.2860679
505.177352,42.61047642,604.7553111,43.36874725,401.9778377
506.3006457,51.13901618,1273.602318,-113.5293737,404.3124859
493.6856936,45.86604229,1230.607771,54.79574293,390.1287869
511.1425887,59.78940853,1322.466595,85.72878104,410.1300824
494.1997344,23.04642407,791.7660912,125.1486221,400.5914536
502.4142352,58.00558603,1395.281656,137.6694883,404.6958276
518.4137419,216.2081879,2824.519737,39.35500008,420.0697732
493.2283844,41.48385138,650.2735799,124.054254,394.6127045
510.9560444,37.26315298,880.1837828,-36.72955195,407.0105455
511.1144576,65.74880548,1450.389843,202.1372663,401.9672976
506.1423235,82.15326675,1752.574049,174.8232197,402.238933
504.2008476,71.27342485,1398.075135,-131.3703256,407.1343367
502.1314394,59.11540449,1332.139661,-204.2029552,401.2127335
495.5053443,60.80000182,1027.747327,65.63354363,388.5579896
506.222869,164.5995486,2556.452547,130.6945662,403.9938385
495.985192,57.75015463,820.3543571,-27.44405654,398.7371895
503.0403813,66.65928634,1555.291354,-101.9418034,401.7486764
503.3450521,49.68581609,1007.479511,27.68272962,396.0865542
499.4695859,50.18219584,1268.233449,153.8375542,404.0167307
502.4120351,40.99749704,957.126207,3.063148495,396.6556279
504.5890864,60.24797865,1446.929264,21.14050969,405.2346739
496.2217873,27.92480652,1006.230405,52.57443365,395.2591816
509.4532204,60.56507629,1114.398822,-218.2159866,411.0728329
501.2331777,40.48291861,802.4429033,331.9986744,404.7708387
505.8281405,29.93950523,1207.913122,109.5085659,402.29914
504.3407449,37.67805247,1302.204621,-149.553901,401.8354691
502.3926541,36.62919228,1220.543216,8.47685051,400.6693928
510.5938499,117.0587118,1995.683928,205.0298653,402.5270875
502.7469528,85.91778867,1372.22877,186.4379457,407.5087279
502.4279232,47.43905405,1340.486839,16.77196308,403.520802
503.1734329,23.7409631,958.1980829,116.8300123,404.9029504
507.0959016,37.54071571,733.5776008,-181.337094,409.4053328
505.2032239,62.40209057,1467.29036,44.05334289,403.4185717
505.742657,143.4442082,2117.865101,42.44338633,400.8792185
508.7201897,39.08619137,1333.9114,-89.58787516,402.3153223
497.1205693,87.8246837,1386.534032,-206.0032322,396.8229249
508.0707702,103.3999169,1839.949596,211.8254612,409.6574299
510.3415196,83.04647515,1433.245951,62.80912459,409.1532622
497.2804551,32.31309792,1044.049127,215.3361682,393.4687448
504.6658018,97.81182291,2212.86261,314.7564324,406.5188096
500.1513937,39.45496553,835.9309314,136.6400098,396.6440827
506.1007175,42.20641992,1095.752271,247.7401979,402.6491378
503.505675,40.50601784,997.1971552,-198.4925901,400.9264308
500.5498978,43.29937491,910.4252368,-75.66739596,398.314667
497.2729316,45.4623768,882.0944654,-25.55079093,403.7897413
504.4070734,39.08284722,979.0410856,166.3811874,405.2457734
499.4113175,43.19593193,1080.68711,-254.7393808,397.6935792
498.6182403,71.28377543,958.2995226,12.47437582,400.6427662
501.15678,95.05200582,1387.401955,-102.1134277,401.7808713
504.5392238,31.33575051,945.7168081,-100.8380348,405.1625743
504.6716706,39.2037146,1063.315922,213.2257227,407.1041212
498.9207197,31.36239483,786.4094165,234.4306321,391.3767251
506.5319015,42.61998662,996.8531207,40.97743954,396.1194351
500.7633183,51.27102579,917.1403738,-244.4889339,400.4587678
500.5205761,80.61636298,1609.186813,118.1647813,394.4435742
504.4579322,41.71239274,1041.584048,214.1557681,404.9426521
514.861056,41.4384635,841.7535224,-125.9646703,406.2960578
502.9339663,44.17057616,801.2731971,102.1913988,404.8644886
500.5169479,59.09704804,1507.669693,68.50241679,401.5187628
502.736498,31.06151145,950.1395466,-167.3170888,401.5837431
501.848415,63.65165018,1180.304439,320.1804233,410.4634315
502.4060177,54.78289463,1285.171383,-145.8352852,402.7979947
501.3120717,77.91528069,1175.533767,-58.4046597,397.0489929
502.4594565,63.23174994,1401.037573,-142.5534657,402.2570028
497.9938161,34.54079076,980.1230325,-62.3999215,394.651499
503.2076146,79.88992514,1512.942472,-39.49250389,400.9276329
513.2259154,118.3323372,2291.003162,-173.2460114,414.3134166
511.4715733,244.420308,3267.819886,486.7251737,409.7945235
508.6541864,42.30450017,1414.496891,215.4142961,401.5132554
502.6264264,38.69803026,1014.905688,219.9185133,402.0974179
499.7417157,30.3528246,965.0852211,-10.87903883,395.941078
498.0582471,64.81113601,1455.41192,238.7495739,398.8042988
508.5165608,78.20369907,1679.001178,-69.22503451,404.6228132
505.6023382,101.3092859,1961.0237,217.948979,410.4193001
500.2570018,41.74944934,818.7546674,291.0148112,403.1678655
497.1466922,58.08465273,1103.681047,-161.5796617,390.6334049
515.3498107,163.5978137,2411.987276,-11.17477787,408.4630879
508.3997432,44.9271986,1148.151646,-151.6677511,407.0675006
491.8720666,70.08139619,1499.067267,-133.8291311,396.7471824
515.474089,164.5277508,2335.792922,45.76646169,406.6235528
501.0407334,39.55258106,1124.671021,261.3048265,393.9173345
511.2921394,178.6247213,2415.310839,-112.9717878,408.203618
503.6797799,34.51025696,829.7526813,-238.0611579,405.8331745
513.2254964,48.88581869,1092.409781,207.160569,408.5166218
506.8320809,40.19705097,1391.628511,-163.8003494,400.0168742
505.3616023,44.54031898,1442.018098,270.6966393,398.9053432
504.484752,56.55641007,1435.099467,23.78886068,404.5952661
502.961381,55.8195755,1446.423794,102.8448609,401.278478
510.7152916,107.5146211,1805.775134,-127.5669606,405.236681
502.6087401,82.95313591,1496.423577,334.4759998,396.3665323
506.809591,30.77575358,1026.192653,-45.17578731,401.5909497
503.1505239,37.0367627,1214.132168,158.2908165,402.9382315
501.540296,60.52579945,1120.077063,-230.531461,402.4883899
505.6058853,95.38411796,1488.89519,173.6461226,410.51178
519.0080745,189.3279058,2961.137214,167.3189582,410.3927773
492.4153511,56.45175296,1225.052035,229.8193236,403.4584915
507.1902901,57.87229488,1200.740418,325.2040983,399.9041766
499.4347015,58.44634776,1418.638013,228.6908746,406.543605
495.6003152,40.51976493,980.5524952,156.82123,398.2954874
509.0591884,39.47658996,977.7256259,50.51578275,407.0524135
507.6548847,36.60505499,1001.008453,-240.3463551,404.3347216
496.7688756,60.79855778,1284.137939,28.51922855,391.4402885
505.4019618,27.20241074,834.9969962,325.335795,406.5758552
502.1246605,115.7884902,1764.161525,72.79516002,397.4614483
512.3283697,176.8977345,2297.944598,-101.1800947,411.0351554
505.4888268,49.51819421,967.2366611,59.67200964,406.0905738
498.9621147,86.79686718,1626.90172,117.4995442,402.3519449
499.4906369,38.15532205,688.8802706,238.9393072,393.8933786
514.2291938,83.84467985,1449.078957,-126.4379264,405.3086477
501.7351545,39.33091096,1483.028607,-90.9374303,402.0026861
503.4552753,37.9019981,1219.640862,-8.435940257,393.6439314
498.4457883,39.75591572,1076.535309,-59.11850704,398.3882507
509.3646559,35.35798959,945.9091504,139.4658419,411.0714666
508.4945796,64.23733974,1164.818983,173.397202,408.1972627
503.3099127,44.35155902,1257.297034,59.00361136,404.9608915
519.6881007,270.921937,3858.587571,533.6529761,412.9956547
506.6485862,108.0089505,1840.700479,241.2562013,398.2103492
503.1145856,67.29634045,1424.442491,-182.2160692,408.2813772
507.4278089,45.58017874,1089.878792,38.97255515,407.2898144
509.1893209,73.94052864,1332.413548,168.198343,407.0835335
504.7569693,88.24664419,1125.601191,215.3833634,406.9107733
509.1075625,40.53450624,936.4965454,-210.1158427,411.3390041
502.4288916,63.51130487,1214.354523,248.1448823,402.8609526
502.0842274,58.04996474,1034.477323,176.8856813,402.4059973
503.0618487,34.87210155,680.1768193,-16.82489238,406.3663921
495.3668708,35.63259082,841.5968848,333.371043,402.556053
497.5135407,37.09311551,817.2767956,-141.2805649,401.2014007
506.7005308,78.86891103,1359.490147,-135.9910979,402.5803835
508.2127902,40.51885123,1395.62046,182.0363514,407.6726557
499.0625669,43.56382458,1393.721431,135.3327683,390.2032213
504.0196408,88.98938357,1624.581411,270.3874057,399.9590312
500.112576,58.20357491,1425.397783,-35.19737749,403.455764
502.5569239,61.9635818,1330.704195,-29.88682595,403.5895647
504.9732265,26.4954935,861.6866061,105.6306342,415.9440029
506.569579,41.25051189,1118.072341,-143.2176858,412.9051207
500.0556079,47.18340084,819.6045155,303.6957291,400.6813145
510.0571596,47.73861089,1190.57553,-232.365491,412.522955
504.5509747,64.05827418,1505.71392,27.97204699,400.0259391
504.5394507,35.73083026,982.5759975,-108.5253668,402.9566517
503.6008974,50.36457835,1387.354457,267.9146978,405.6521725
514.7864287,101.9872852,1731.136574,156.0714112,411.9977119
493.3485286,40.60990105,769.9122663,190.0812202,394.1739983
506.5603393,103.6896237,1505.947412,53.85187366,406.6277297
505.9648756,49.4871648,1015.635234,-182.6959467,398.6427695
498.9830259,35.40509474,1119.818832,-47.31929018,400.4019478
503.2037289,45.30025152,990.0861558,333.1610488,400.9610439
500.5324583,35.65810656,1027.376438,-119.8963961,400.1911419
504.623336,40.76034216,1223.879122,-187.2705808,402.4830659
506.4420107,42.86069109,1004.743606,-118.0021822,399.6998247
508.030783,58.48563141,1487.212403,248.4916053,403.9442709
506.3496091,112.3945973,1939.553992,-62.78980113,409.1056039
511.4209409,150.2088519,2234.18876,189.1958247,412.9500076
509.3202652,81.3530568,1837.680623,164.9931511,403.4840438
501.0099563,42.29597925,1189.804333,170.9308021,402.4603297
495.2807018,37.71221806,795.2466039,191.1307428,388.7613827
509.5368641,82.55537465,1558.274606,210.4043692,415.9976001
497.056413,85.48905551,1413.410523,180.1240138,404.2453548
504.3046369,35.86319361,708.5377802,17.81100716,400.0178559
504.733119,42.1379505,780.1606894,164.7386474,401.4019601
512.184398,67.46052796,1188.281661,-177.9865572,409.1454674
506.8465088,28.88559316,889.4644772,-209.2874669,404.7493652
498.8164585,85.91934594,1479.755327,63.29279172,396.0513135
512.5525777,86.34442847,1491.040774,-17.50320194,414.9709016
497.5635236,15.15228787,1025.138,148.2126721,404.7087096
498.1404893,36.61115327,1077.356259,294.1815562,399.7435807
514.57308,62.99418255,1625.391042,-114.2446894,409.4033509
508.1986785,68.2338709,1653.121038,-70.98016115,398.2546285
499.8604435,62.0505506,1402.37221,261.1341877,400.5920468
503.4413554,117.0553024,1977.259923,285.1430802,404.6880794
503.3496267,107.589501,1865.814216,-158.1605042,405.4301255
505.6126917,64.07730769,1377.65791,-30.7603609,404.0067956
498.9896577,64.34688368,1120.745637,220.1479257,401.6021008
501.414162,79.65498174,1480.763809,-123.1803364,399.3351684
506.4419145,71.67377529,1374.258199,242.4758563,397.5553398
498.4066618,42.25829718,1113.566114,102.1567584,399.4884344
503.1482354,37.26918552,1102.976874,-26.49364714,404.870381
509.1516381,103.7041203,1629.824753,270.6782242,405.199997
504.7580502,82.65078655,1791.508597,316.0517254,403.1697409
500.2481436,63.78873299,1266.254929,81.68720986,398.4880769
498.5990882,57.67502144,1134.650723,-86.82233457,400.0984003
507.9046682,44.51782449,821.9174302,25.98350749,399.928173
500.7267162,31.9949425,866.5708511,-9.680048403,400.9199149
502.1570172,31.63213041,790.5977176,-262.8002601,401.5230467
505.4892709,56.99103532,986.5917895,50.02497641,397.0939723
508.9898728,68.17415366,1395.960747,307.0579491,405.0571949
509.8844317,110.794369,1875.341708,90.53975965,403.7126396
512.8913244,118.2473751,2007.157679,263.1989945,409.3160556
497.8895341,53.10882113,1172.562476,-75.9407249,396.762679
496.8517727,29.01603719,994.2035673,16.12739116,398.0680846
495.8078193,30.92881619,729.60819,-112.9536709,394.2764326
495.3074757,36.81407545,1275.679477,-223.6402264,398.182156
502.5417473,59.48950237,1588.411576,-81.21567472,397.146922
499.9734277,42.83689618,988.5553525,151.5695614,398.2310509
508.9240001,58.71925781,1225.717627,321.8298848,409.5223156
495.2900446,63.94762632,1144.465988,54.26946127,392.406889
500.5687044,48.26261183,1000.752257,-137.9974946,405.1488194
503.585055,27.07196255,677.2193027,296.0604699,405.6419652
503.6411188,37.79350679,1146.266024,238.4697057,400.8041507
496.9151429,59.98125156,1324.891042,-64.60750107,386.9046201
507.8420323,64.23774097,1119.327244,93.1086517,403.243348
501.1483717,40.49999604,880.6156318,142.2737869,402.6343776
501.7438407,32.31634772,1130.418161,-124.7051959,400.3107637
504.0019424,31.14837346,1085.176283,242.1591444,399.807708
506.1886636,60.54795611,1588.384051,40.15428641,406.9459499
504.9909308,72.43035693,1300.716501,-219.2413581,407.1124982
505.8963562,84.22566412,1676.821578,124.9584581,400.5073372
497.2953309,34.22339457,940.5900136,-139.3059109,403.5265088
498.514938,33.92486315,1256.039976,322.8487618,401.4164974
507.2959306,42.89825875,1364.015001,-104.1326717,400.2987362
503.3521056,58.73437655,1421.199816,-74.79050927,400.6834347
502.2399616,42.27767156,1415.127619,78.00895057,407.9995116
502.777481,34.54714662,971.538519,-102.1359839,403.3182243
511.3886011,59.5234226,1329.95381,8.415998896,410.7249539
500.9627221,28.8961709,848.6678052,44.17290427,403.1165668
506.7523875,105.4932769,2030.965526,-140.8906365,407.8639006
508.508405,86.67160723,1238.431198,114.6617832,401.8709942
503.4822192,58.29306975,1433.576638,274.7935288,403.1511167
507.7517312,61.65471011,1296.281389,-159.6751933,407.278461
506.9072936,28.95298617,825.349561,118.4386973,413.1397648
512.354707,70.81435841,1579.621765,-93.42996673,406.7464978
505.0583924,61.83173409,1063.576115,280.1977339,409.9107699
505.8128473,38.0873144,922.909136,44.08386651,408.1686227
506.46737,42.05133645,849.2037643,-99.74652705,404.7265802
502.534001,25.78177751,780.0958296,-152.2568552,393.8726124
501.4933326,51.20745172,1415.250521,81.50804259,402.7303004
506.7145567,58.38091516,1265.41877,333.0269846,408.1168478
502.5679615,57.33846227,1316.428035,68.54587092,398.2329436
506.6353017,88.06902803,1455.130459,235.4665235,407.3469498
501.6810272,57.73683696,1476.281713,-89.58302506,396.8416599
505.5379111,36.86578518,824.7632185,-79.06441481,408.2737688
504.0835806,55.80675539,1335.966388,188.0297966,405.4672135
499.0837118,40.11656773,1182.853434,-227.1840529,396.4246027
504.3920415,33.20099829,1416.290266,36.78673204,398.2074218
494.8543708,56.77362245,1170.511565,344.1886869,394.2647838
503.5408162,41.12724284,1130.428999,288.4747532,406.8412772
498.1404738,38.52240865,722.1796485,64.09896698,400.3826132
511.9629016,165.5912454,2359.105323,70.33724702,404.4927519
504.7782439,60.72279136,1366.811528,-110.7162822,409.6470147
509.0218461,132.136473,1917.024099,-164.0830274,411.7760622
506.3734653,43.28046001,975.2635953,168.7883861,398.8180402
514.5440567,175.0432079,2641.353484,276.8596096,411.9722922
506.6712495,80.76913197,1144.944011,313.2753221,395.7543401
523.0443966,292.8928855,3958.279902,69.03744749,423.7624056
497.7968589,44.37124649,1138.180632,-11.46218871,396.9378856
501.0506713,72.05343388,1474.505883,88.80927029,406.6187452
504.6127537,43.84935469,918.3152374,-218.7394633,404.3962554
521.5875795,228.3299985,3203.445148,18.16115742,415.1746168
503.8596434,130.053685,2614.159158,399.6644392,400.5202507
500.7095936,59.33475419,1465.219722,315.6741224,403.435708
496.5088999,60.61011887,1250.718023,189.1344779,398.177911
506.8656837,105.9007606,1930.371311,-83.09253228,404.1774907
510.5981126,101.7493169,1347.276411,138.0226645,408.5845548
510.9773166,89.02175203,1627.620559,-175.1935933,415.3100162
503.3661429,60.60590592,1154.009172,292.2342531,400.3422159
511.7809904,62.92144157,1257.877911,236.6068024,411.9273911
515.263069,219.1619116,2950.824135,126.6447138,405.8060332
498.6769482,56.56822174,1083.593184,-173.6851802,395.6776724
501.6954531,26.41565211,1296.682578,-11.62532402,406.0010015
503.3025328,97.73390269,1467.086473,132.9690376,400.5323133
510.0039386,57.82813109,1315.391938,-232.3574926,405.6512392
495.4035528,44.96364522,1240.663352,179.607228,400.3352981
497.5639835,76.38701419,1434.255985,-34.76486593,397.6649458
498.2022605,39.16328711,1148.718083,-33.40305859,393.7479753
511.34082,46.90227953,1292.220463,-64.80334348,405.6125034
511.4308791,152.4416197,1973.217603,312.961643,409.1087579
499.8721442,40.47371082,1259.566801,289.1890902,397.5398213
500.4701703,29.93936262,1154.478501,-140.2656223,399.0702326
511.4835654,61.69189163,1205.000375,332.3529432,410.7344285
504.2747194,91.65338174,1887.522748,-119.0786956,404.7345882
516.5383977,163.5902419,2437.346728,422.8245316,416.2807111
505.4361006,57.88069926,1269.015346,334.0573815,402.8637927
502.8989669,112.6581681,1630.084876,153.6772375,409.8666038
508.1757973,39.94539674,1156.248965,318.432093,402.1817004
502.6889013,32.86410447,711.3758706,36.84475439,404.6003285
505.496134,36.57464573,1149.274708,178.3408349,405.6350461
504.9889527,74.15563653,1237.25289,-201.1389071,407.808776
502.2596288,47.22432852,946.7018694,-115.4048129,398.583912
508.7650218,41.32246302,1437.24672,-151.5837496,402.4917874
500.782388,34.53743373,1027.822955,-27.38387078,400.9612694
502.7424974,78.08481258,1477.681352,60.06380933,408.1558968
509.6782666,43.86138014,1038.099701,298.5212186,406.2435704
500.9214344,31.42835954,1095.46557,-195.7429807,400.2728221
510.2233244,80.63614835,1529.194655,336.0027931,414.1994666
503.1512944,47.31201651,1463.123936,73.31042276,405.1533698
497.6733718,49.03721968,1264.37018,232.413451,404.5579611
509.0304634,42.3989348,1253.888776,145.0727322,408.6768872
503.7004528,40.21257276,1350.886695,260.7670277,400.6806341
500.2334657,34.54084873,1194.034398,-159.7281898,404.3237338
501.2652743,50.44399107,1035.433161,77.19567043,394.4249991
505.3672827,86.15844709,1550.407376,130.5789477,407.9218807
511.5705682,30.42334254,1023.077385,279.5417361,407.5879545
507.7844644,64.79486776,1508.489124,325.8620367,412.7047685
510.0922431,36.62080063,909.2831193,265.3626149,405.5432306
500.535262,82.90425955,1744.157263,68.06456169,395.2013612
504.0330409,82.43988853,1191.382098,-70.59149939,411.2178837
507.090262,67.45178458,1376.597722,248.9764845,399.6071457
500.5348098,35.67902826,1055.453949,113.0491697,404.6486093
499.1197513,31.94414878,734.6780465,169.0670002,404.0344018
506.7663458,114.0757015,1792.723376,309.8847985,401.1658735
499.665823,46.12427875,1170.389526,113.5817216,400.9578242
511.9515595,110.3383149,2026.272813,-71.98215863,408.4063969
504.9654513,60.13137412,1298.663137,-24.65466253,403.5693856
496.2714597,39.41198627,760.0095572,94.15764811,397.4730977
500.9356472,46.96020573,1018.582652,-39.51005981,398.1411354
506.8766491,73.26779191,1560.610632,-224.054102,403.8772793
506.2365715,85.02539993,1703.52073,-210.8841437,400.2262707
510.7387879,77.07892953,1515.683953,-93.98977395,407.7629499
504.5451163,27.96117569,756.5426118,-43.53735592,402.9596226
502.5306856,80.22905289,1638.018978,173.4244932,395.4073408
498.0165574,36.96804959,975.9423421,-71.46552471,395.5712848
503.8967877,84.18861421,1426.978058,239.1917006,406.3892014
500.232475,40.7503998,911.7437639,-42.61137632,402.7264012
505.8233915,43.98030674,1115.416668,-59.31853365,402.9311429
508.1592869,176.6568975,2247.610883,140.3535225,404.9030893
503.4941521,67.23423658,1365.491603,-50.21419165,402.3449274
501.2426949,90.52999231,1343.304082,235.3344117,411.0395446
503.6310962,91.89661821,1791.986484,-67.75116468,405.5100199
501.8998174,32.75777543,1141.256237,-140.0750345,400.0538707
506.1415743,43.03128592,1214.108595,-2.896826548,406.3187008
506.009496,57.86182684,1161.247199,321.6474267,394.9992124
503.3771831,36.09012339,999.6263147,313.1652482,400.2513418
504.0355092,42.01906453,1161.07541,16.80347872,405.9503674
488.1525036,28.94820363,948.3345353,-11.53519706,389.7695125
510.1683229,97.17616107,1528.900417,71.06961751,411.1043681
504.8809844,44.09300837,1001.119811,222.7187487,403.3379095
506.4143706,34.03750179,873.116747,187.4405341,413.4055951
503.4115369,39.65896801,1204.172344,78.63097144,393.8779281
498.4598133,29.3332319,843.8645113,-252.8932777,397.3817774
501.5934637,56.47295219,1207.945378,162.3281931,401.7835107
499.4898535,207.5356915,2899.328101,8.966168482,396.5483169
505.5793161,26.86514606,829.8295877,78.33091107,407.7492607
503.6144479,82.87442914,1398.503814,-146.1058594,404.4370028
506.4820794,140.0313569,2333.752096,-124.8505133,409.1885298
506.3927024,62.18948342,1291.460756,58.24331945,405.998564
507.5144165,64.78183406,1482.505393,356.1774185,401.4213881
500.3135922,63.3055308,1480.500352,42.77758106,396.4529396
518.5662346,220.1160858,3197.565169,288.428091,412.141803
502.9731826,64.3486617,1182.998129,-234.5560332,397.5412275
502.4054219,39.91029451,877.0922016,204.5058432,406.0182716
504.8871896,47.88591561,1254.797004,99.35311435,410.5702997
507.8287994,36.69754922,1008.8849,-30.15496108,401.1705408
507.1859942,58.49204325,1451.635952,-228.6140778,404.446697
507.7220802,55.33811103,1250.938825,24.82175475,399.3323495
512.5880625,57.65820233,1517.806562,-151.3641911,410.0790005
499.9580733,64.06307297,1099.403331,-155.768537,408.2541367
508.5619573,60.19356263,1434.167163,-164.0392609,408.617851
500.8717937,51.39247414,1072.209467,292.9044219,395.9720567
498.5788313,44.0233693,972.1040726,151.1859333,397.7417119
501.1709284,84.13001993,1374.656911,179.6768466,393.860102
500.5330707,31.06668247,1049.205359,-41.06871718,401.4662738
496.6128404,44.15533036,1462.570631,253.9719034,401.7335007
509.2642543,68.93502924,1560.767161,-44.24444318,409.056165
500.0593141,47.08149003,1044.536187,-225.856824,397.6564748
505.6226854,36.38789576,1053.672849,-97.98899739,403.7753079
502.1580646,47.50030573,1348.599187,-196.1731823,402.4481877
505.4667183,41.42876072,1063.988621,290.4183339,407.4903422
502.6334612,44.03038307,1271.599901,-117.7289214,403.8957329
504.7152049,53.14027392,938.7185947,217.7345242,407.743125
501.2271468,41.61828715,1297.091222,-82.94722372,399.7566474
500.3511993,38.08263074,950.4961743,10.57433192,399.8065357
504.6252465,50.67524831,1347.184993,191.3077933,403.7896116
515.83977,285.724351,3873.394508,348.2663898,415.9182688
517.9196776,217.2906868,3330.954752,-1.833327692,413.7994828
504.0950221,55.1212226,1338.812762,60.53188834,402.2739232
499.9990715,55.18546854,1026.123912,-161.1784988,402.8052301
506.4610174,31.22091958,857.5071996,284.172631,409.7822151
503.5482953,51.49851704,1506.930334,350.7009679,401.9793724
503.5407486,43.04779304,563.5883467,255.1234718,407.605254
504.0073778,55.56283558,1575.961904,-42.29703283,411.2606232
497.7046685,28.20319583,1112.199964,-76.4191806,402.9022099
498.9805965,30.6196615,1066.552745,281.7622492,389.271516
501.2682909,56.48472145,1365.987291,80.09399235,403.642985
514.6594387,116.4391828,1676.913473,248.1643935,412.7308125
504.8552374,88.09168372,1518.514677,-131.1061969,400.4486118
507.63423,43.13146963,1098.389456,-130.75463,405.2114624
503.0704979,69.22686719,1323.489268,352.0810827,402.8164718
498.7512736,77.14384121,1454.47467,269.8344534,401.9643686
502.3130636,42.05276957,1263.68699,-210.9147378,405.3568695
508.5310929,57.70562786,911.3314939,33.68642601,408.2993061
505.7321615,32.36962812,803.0736774,166.8907237,400.9073671
505.1951107,43.82241529,1548.837367,5.348600615,405.7272695
507.9852688,45.27228304,725.9037204,325.3724429,406.4791132
506.0901425,40.6514304,1228.361141,-248.4505124,401.3609118
509.0802277,42.41053147,1236.026319,-171.425208,406.1035082
502.0432747,24.89673475,1118.187748,194.9057299,395.3633331
502.802955,72.03330811,1553.994442,-97.59472069,401.6633917
492.9727178,33.2736372,985.0147369,-20.13590681,394.1084803
506.3248239,45.03231003,1098.499979,330.1941878,397.8741574
501.014462,45.45309005,1013.35558,234.1913946,402.8021453
502.3851483,26.80717696,879.6190315,261.8372314,398.7218555
504.1954315,33.46998035,738.5924973,35.44937838,399.5135467
505.5217719,67.54853755,1574.368753,120.3362195,405.1186341
500.1803097,82.07854866,1924.087055,-135.0300433,401.1361256
504.7285322,60.51921753,1286.927173,-16.99127297,407.6122616
504.830278,72.29456326,1289.371432,-222.2909646,404.8824321
503.9208908,43.13654507,1456.431256,-40.17321185,399.4579006
510.5076123,64.93750035,1270.322031,12.03308671,406.8556066
504.0375487,37.8357881,426.9340129,261.1081147,405.2284776
508.9250811,46.60202734,1396.073661,142.994189,404.9927143
507.5217018,38.8840976,726.824394,183.9945299,409.4354728
505.8592347,85.42888233,1566.278189,195.8959949,402.5419115
501.1287198,31.78310185,787.2275034,-228.9240323,406.6879371
502.9871172,97.5937396,1793.682549,228.1317833,400.0225307
500.7567668,33.31178418,942.8601006,306.8225645,400.2008631
508.0646514,79.53234965,1830.6783,200.6186039,406.2350921
497.4108776,44.71551839,1274.402103,-224.8634547,404.9309297
499.2786574,49.71290093,1490.147183,-32.30953969,397.579486
504.5752343,114.4639289,1876.832235,-170.9585703,399.9167242
509.3809527,109.6122746,1651.204256,33.53782544,400.0990845
504.2037643,40.66323072,1101.599035,-0.148820897,404.0559655
514.4298627,112.2685884,1618.713592,-180.5988917,419.6681215
502.4931254,50.00832113,835.095332,-2.386918013,403.4099917
502.5735045,115.9276182,1773.141339,-95.60871357,404.0779686
505.7736237,79.39797054,1576.722865,156.9013827,402.2478403
505.0905404,50.04851784,723.6586678,36.73596068,403.6669829
506.6286807,56.84723029,1626.410648,-238.7752314,403.6937786
500.2376951,27.67408593,1007.36305,-0.449685558,399.4984461
501.2967721,32.90886007,981.8614767,52.38135484,401.3357537
499.0396754,42.53924667,934.1696021,23.72902339,391.086628
499.1604624,31.22549791,1171.408906,114.5057127,404.1166896
496.0789662,36.3880635,1179.552352,148.2075978,398.3899325
502.1471906,42.71430999,843.237078,233.3159598,401.6023609
499.9524433,55.3011657,1069.474832,-182.9611139,404.7616801
519.0452586,261.3818289,3513.234153,14.99757361,411.6861889
502.596546,43.05614563,1325.107269,338.7344199,402.0975786
509.9851633,133.8191434,2459.544749,405.3006814,412.546352
507.3729028,63.4218185,1332.808762,-175.719967,400.8209998
504.3338584,60.88882237,1331.243053,-168.0614416,402.2873012
516.1053488,153.4875588,2522.205077,-89.41755852,407.5515789
501.437831,46.60698194,1153.355049,325.5192771,408.4042037
503.0719783,39.37061857,710.0099045,214.249909,404.4287064
506.9117803,59.26194266,1437.605354,-151.1227035,408.2448319
520.4579405,265.7668268,3822.559408,162.2883318,417.5242016
507.2926621,45.83579225,975.8884303,-199.3024264,398.6153089
506.092482,74.12412726,1311.012987,-204.2595294,409.5157362
508.3455289,43.5585075,837.4847283,-185.1804194,407.3664539
519.7195362,208.8322089,3013.272073,205.1252835,413.0742234
508.3958547,45.16592041,999.2986494,188.8725703,405.2544368
515.7175372,239.8214372,3444.958196,220.8768633,416.1841853
500.1629682,21.80695541,1102.211793,161.8105943,393.420941
502.345951,34.21830842,650.8708128,-11.19567962,399.0107398
513.0564227,170.6161346,2530.050732,64.51972672,411.1605875
491.729752,31.00569038,1129.217492,-256.5760786,394.2519382
502.0566248,27.01159991,1036.134613,-231.1712423,396.0226865
